Standard,LRF,R1R2_1,R1R2_2,beta1,beta2,LAHM_factor
UPS_INKStandards/,0.2202857142857143,0.5329659318637274,0.6017034068136272,8.9,6.83,0.46315789473684216
