Standard,LRF,R1R2_1,R1R2_2,beta1_std,beta2_std,AAE_std,LAHM_factor
2026July7/NucInk/,0.5545454545454546,0.15,0.23294314381270903,5,3.837305416303432,0.92,0.46315789473684216
